e2e,offload,process,queue
10.529507637023926,10.519273042678833,15.196914196014404,10.13002324104309
5.085352420806885,5.4542529582977295,10.131559610366821,5.069637060165405
5.44393515586853,5.064337968826294,5.064828395843506,5.059720277786255
0.0002200603485107422,0.0006821155548095703,0.0005261898040771484,0.0006659030914306641
