e2e,offload,process,queue
1.0643291473388672,1.0604047775268555,1.06003737449646,1.0620672702789307,1.0608246326446533,1.061248540878296,1.0557456016540527,1.06132173538208
0.004259347915649414,0.004251003265380859,0.004285335540771484,0.004323482513427734,0.004365444183349609,0.004313945770263672,0.004303932189941406,0.0043375492095947266
1.0600686073303223,1.0561528205871582,1.055751085281372,1.0577430725097656,1.0564579963684082,1.0569331645965576,1.0514404773712158,1.056983232498169
1.1920928955078125e-06,9.5367431640625e-07,9.5367431640625e-07,7.152557373046875e-07,1.1920928955078125e-06,1.430511474609375e-06,1.1920928955078125e-06,9.5367431640625e-07
