Created,Deserialized,Processing,Processed,Finished
1717513045.7055452,1717513045.7083638,1717513045.7590532,1717513045.7602353
1717513046.7103598,1717513046.7120328,1717513046.751785,1717513046.7528477
1717513047.7142506,1717513047.7205968,1717513047.7601879,1717513047.7612422
1717513048.7226436,1717513048.728667,1717513048.767878,1717513048.769046
1717513049.7302415,1717513049.732714,1717513049.792588,1717513049.794278
1717513050.7347033,1717513050.7411501,1717513050.7983077,1717513050.799901
1717513051.7421699,1717513051.74509,1717513051.805415,1717513051.8070023
1717513052.746434,1717513052.7533545,1717513052.810004,1717513052.811586
1717513053.754744,1717513053.7570972,1717513053.8158095,1717513053.8174582
1717513054.7579699,1717513054.764554,1717513054.8218784,1717513054.8236594
