e2e,offload,process,queue
5.443343639373779,5.066188097000122,5.068115234375,5.080262660980225
0.012353897094726562,0.004645824432373047,0.004696846008300781,0.0032491683959960938
5.43084979057312,5.061141490936279,5.062947750091553,5.076553583145142
0.0001399517059326172,0.00040078163146972656,0.0004706382751464844,0.00045990943908691406
