e2e,offload,process,queue
10.506871461868286,15.56105637550354,15.197575330734253,15.190888166427612,10.127444505691528
5.083739757537842,10.494340419769287,10.136683464050293,10.129467248916626,5.065918207168579
5.422997236251831,5.066557168960571,5.060742139816284,5.061266899108887,5.061269521713257
0.00013446807861328125,0.00015878677368164062,0.00014972686767578125,0.00015401840209960938,0.0002567768096923828
