e2e,offload,process,queue
2.448975086212158,4.513852834701538,6.571735382080078
0.004791975021362305,0.005229473114013672,0.0030100345611572266
2.443843364715576,2.0654642581939697,2.0589442253112793
0.00033974647521972656,2.4431591033935547,4.509781122207642
