Created,Deserialized,Processing,Processed,Finished
1718194966.0168624,1718194966.0231504,1718194966.023917,1718194966.0239189,1718194966.0240304
1718194966.1235242,1718194966.1304898,1718194966.1311204,1718194966.1311219,1718194966.1312156
1718194966.2316988,1718194966.2381487,1718194966.2387707,1718194966.2387722,1718194966.2388883
1718194966.3393495,1718194966.3457901,1718194966.3464384,1718194966.34644,1718194966.3465388
1718194966.4470525,1718194966.4537075,1718194966.454315,1718194966.4543166,1718194966.4544084
1718194966.5549815,1718194966.561085,1718194966.5617325,1718194966.5617352,1718194966.5618572
1718194966.6623468,1718194966.6691082,1718194966.6697378,1718194966.6697392,1718194966.6698377
1718194966.770115,1718194966.7738552,1718194966.7749817,1718194966.774985,1718194966.7751694
1718194966.874726,1718194966.8817375,1718194966.8823738,1718194966.882377,1718194966.8825076
1718194966.983039,1718194966.9897282,1718194966.990359,1718194966.9903605,1718194966.9904528
1718194967.0906544,1718194967.0921955,1718194967.0928035,1718194967.0928051,1718194967.0928996
1718194967.1931388,1718194967.1947803,1718194967.1954238,1718194967.1954255,1718194967.1955445
1718194967.296046,1718194967.3021266,1718194967.302748,1718194967.3027494,1718194967.302853
1718194967.4033675,1718194967.4100282,1718194967.410642,1718194967.4106433,1718194967.4107342
1718194967.5112169,1718194967.5179458,1718194967.518572,1718194967.5185735,1718194967.5186646
1718194967.6191423,1718194967.6256177,1718194967.6262345,1718194967.6262362,1718194967.626325
1718194967.726831,1718194967.7321012,1718194967.7327356,1718194967.7327378,1718194967.7328675
1718194967.8334162,1718194967.8398554,1718194967.840492,1718194967.840494,1718194967.8406265
1718194967.9411242,1718194967.947868,1718194967.9484844,1718194967.9484859,1718194967.9485765
1718194968.0490606,1718194968.0558286,1718194968.0564373,1718194968.0564387,1718194968.056532
