Created,Deserialized,Processing,Processed,Finished
1718194917.0842223,1718194917.0909712,1718194917.0909727,1718194917.4962451,1718194917.4988418
1718194917.4972024,1718194917.4990187,1718194917.49902,1718194917.5535872,1718194917.5545979
1718194917.5990243,1718194917.6075356,1718194917.6075401,1718194917.6633227,1718194917.6643245
1718194917.707727,1718194917.7166426,1718194917.7166471,1718194917.7728114,1718194917.7738583
1718194917.8170433,1718194917.8186917,1718194917.8186934,1718194917.8695211,1718194917.870532
1718194917.9190083,1718194917.9296312,1718194917.9296362,1718194917.9861088,1718194917.9871392
1718194918.029554,1718194918.0379918,1718194918.037996,1718194918.0936208,1718194918.0946455
1718194918.13806,1718194918.1469426,1718194918.1469474,1718194918.2027793,1718194918.2038248
1718194918.2472076,1718194918.25592,1718194918.2559242,1718194918.3121023,1718194918.3131392
1718194918.356365,1718194918.3580365,1718194918.358038,1718194918.4095888,1718194918.4105785
1718194918.4589584,1718194918.4677773,1718194918.4677827,1718194918.524798,1718194918.5258427
1718194918.5682788,1718194918.5767093,1718194918.5767143,1718194918.632751,1718194918.6337652
1718194918.6770494,1718194918.6798573,1718194918.6798594,1718194918.7360249,1718194918.7370691
1718194918.780395,1718194918.783307,1718194918.78331,1718194918.839729,1718194918.8407428
1718194918.8842087,1718194918.8931499,1718194918.8931549,1718194918.949214,1718194918.9502938
1718194918.9936721,1718194918.9978878,1718194918.997889,1718194919.0525591,1718194919.0535822
1718194919.099088,1718194919.1088047,1718194919.1088095,1718194919.164955,1718194919.1660223
1718194919.2094634,1718194919.2180784,1718194919.2180831,1718194919.2745428,1718194919.2756057
1718194919.3179333,1718194919.3259394,1718194919.3259437,1718194919.382164,1718194919.3832157
1718194919.4266112,1718194919.4353256,1718194919.4353313,1718194919.4913902,1718194919.492419
