Created,Deserialized,Processing,Processed,Finished
1718194017.1315286,1718194017.1382356,1718194017.1382372,1718194017.5621917,1718194017.564912
1718194017.5632732,1718194017.5650496,1718194017.5650508,1718194017.6187541,1718194017.6198413
1718194017.6652412,1718194017.674378,1718194017.6743824,1718194017.730654,1718194017.7317746
1718194017.7752547,1718194017.7842722,1718194017.7842762,1718194017.8402233,1718194017.841335
1718194017.8847437,1718194017.892584,1718194017.8925893,1718194017.949311,1718194017.950401
1718194017.9927542,1718194018.001422,1718194018.0014267,1718194018.0575376,1718194018.0586762
1718194018.1020927,1718194018.1112268,1718194018.1112316,1718194018.1674101,1718194018.1685007
1718194018.211888,1718194018.221024,1718194018.2210288,1718194018.2769308,1718194018.278057
1718194018.3215194,1718194018.3304796,1718194018.330484,1718194018.3874714,1718194018.3886933
1718194018.4311216,1718194018.4397843,1718194018.4397886,1718194018.4957955,1718194018.4969072
1718194018.5400863,1718194018.5416982,1718194018.5417,1718194018.5928078,1718194018.5939212
1718194018.6423998,1718194018.6530247,1718194018.65303,1718194018.7097344,1718194018.7108529
1718194018.753311,1718194018.7618744,1718194018.761879,1718194018.81791,1718194018.8190684
1718194018.8623705,1718194018.8661468,1718194018.86615,1718194018.9236777,1718194018.9247873
1718194018.9661705,1718194018.9746296,1718194018.9746342,1718194019.0307453,1718194019.0318587
1718194019.0751889,1718194019.0842178,1718194019.0842223,1718194019.1403525,1718194019.1414688
1718194019.1849425,1718194019.193901,1718194019.1939056,1718194019.2507265,1718194019.2518601
1718194019.294306,1718194019.3026114,1718194019.3026164,1718194019.3590493,1718194019.3602512
1718194019.402607,1718194019.409475,1718194019.4094799,1718194019.465814,1718194019.4669483
1718194019.5092626,1718194019.5164576,1718194019.516462,1718194019.57285,1718194019.5739605
