e2e,offload,process,queue
2.4400172233581543,4.504647731781006,6.556657075881958
0.0042917728424072266,0.004626274108886719,0.0027914047241210938
2.435472249984741,2.064957857131958,2.0526537895202637
0.0002532005310058594,2.435063600540161,4.501211881637573
