e2e,offload,process,queue
10.544147253036499,10.53305459022522
5.096601486206055,5.4682722091674805
5.4472126960754395,5.064355850219727
0.0003330707550048828,0.0004265308380126953
