e2e,offload,process,queue
10.52476716041565,10.515336036682129,15.200010776519775,10.13370132446289
5.084163665771484,5.450909376144409,10.136222124099731,5.068953514099121
5.440378665924072,5.063812017440796,5.063281059265137,5.064164638519287
0.00022482872009277344,0.0006146430969238281,0.0005075931549072266,0.0005831718444824219
