e2e,offload,process,queue
0.05843162536621094,0.05839109420776367,0.058691978454589844,0.05880141258239746,0.061377525329589844,0.05786561965942383,0.058103322982788086,0.05813717842102051
0.0047454833984375,0.004804134368896484,0.004863262176513672,0.0048787593841552734,0.004996776580810547,0.004863739013671875,0.0048885345458984375,0.004849433898925781
0.05368447303771973,0.05358600616455078,0.053827762603759766,0.05392122268676758,0.05638003349304199,0.053000450134277344,0.053212642669677734,0.05328655242919922
1.6689300537109375e-06,9.5367431640625e-07,9.5367431640625e-07,1.430511474609375e-06,7.152557373046875e-07,1.430511474609375e-06,2.1457672119140625e-06,1.1920928955078125e-06
