e2e,offload,process,queue
0.509641170501709,0.5039718151092529,0.6035699844360352,0.1672070026397705,0.16008520126342773
0.07367968559265137,0.011581659317016602,0.5503509044647217,0.06344199180603027,0.10778999328613281
0.43584418296813965,0.05907320976257324,0.05311441421508789,0.05168747901916504,0.052222251892089844
0.00011730194091796875,0.4333169460296631,0.00010466575622558594,0.052077531814575195,7.295608520507812e-05
