e2e,offload,process,queue
5.4241557121276855,5.074460506439209,5.0659284591674805,5.064417362213135
0.012446165084838867,0.004411220550537109,0.004380464553833008,0.002885103225708008
5.411413192749023,5.069606304168701,5.061108589172363,5.061059951782227
0.0002963542938232422,0.0004429817199707031,0.0004394054412841797,0.0004723072052001953
