e2e,offload,process,queue
2.4962575435638428,4.589963436126709,6.644557476043701
0.01323843002319336,0.00912165641784668,0.004023075103759766
2.482464551925659,2.1002159118652344,2.0584969520568848
0.0005545616149902344,2.480625867843628,4.582037448883057
