e2e,offload,process,queue
5.409643173217773,5.070883512496948
0.004108428955078125,0.0026292800903320312
5.405401945114136,5.067848205566406
0.0001327991485595703,0.00040602684020996094
