Created,Deserialized,Processing,Processed,Finished
1718194866.0385518,1718194866.0519943,1718194866.0520046,1718194866.4983428,1718194866.5009282
1718194866.4992888,1718194866.5010693,1718194866.5010705,1718194866.5568473,1718194866.5584667
1718194866.5636578,1718194866.5652573,1718194866.5652585,1718194866.6195781,1718194866.6212778
1718194866.628558,1718194866.6301367,1718194866.630138,1718194866.684314,1718194866.6860816
1718194866.6933618,1718194866.6950002,1718194866.6950014,1718194866.7494295,1718194866.7511675
1718194866.7584465,1718194866.7600312,1718194866.7600327,1718194866.8133745,1718194866.8152058
1718194866.8234801,1718194866.8250523,1718194866.8250537,1718194866.8779492,1718194866.879701
1718194866.887978,1718194866.8895512,1718194866.8895524,1718194866.9429927,1718194866.9447534
1718194866.953053,1718194866.9546251,1718194866.9546263,1718194867.009204,1718194867.0109947
1718194867.0171766,1718194867.0188112,1718194867.0188124,1718194867.075073,1718194867.0768201
1718194867.0819902,1718194867.083585,1718194867.0835865,1718194867.1372774,1718194867.139067
1718194867.146336,1718194867.1479445,1718194867.1479456,1718194867.2017593,1718194867.2035258
1718194867.2107992,1718194867.2123818,1718194867.212383,1718194867.2657707,1718194867.2674878
1718194867.2756665,1718194867.277268,1718194867.2772694,1718194867.3312132,1718194867.3329372
1718194867.3402135,1718194867.341798,1718194867.3417995,1718194867.3953342,1718194867.3970864
1718194867.4053142,1718194867.4069266,1718194867.4069278,1718194867.4602125,1718194867.4619057
1718194867.4701867,1718194867.4717638,1718194867.4717653,1718194867.5253835,1718194867.527153
1718194867.5343697,1718194867.5359495,1718194867.535951,1718194867.589752,1718194867.5915103
1718194867.5987866,1718194867.6003847,1718194867.6003861,1718194867.6540327,1718194867.6557531
1718194867.6630275,1718194867.6646004,1718194867.664602,1718194867.7181983,1718194867.7199788
