e2e,offload,process,queue
4.528193235397339,6.583500862121582,8.64159107208252,10.698851346969604,12.757208824157715,14.815669775009155,16.873979091644287,18.932419300079346,20.991178512573242
0.009309053421020508,0.0060825347900390625,0.004785299301147461,0.004331350326538086,0.00440216064453125,0.004324913024902344,0.0044040679931640625,0.004340171813964844,0.002942800521850586
2.082091808319092,2.059229612350464,2.059657335281372,2.0582239627838135,2.058534622192383,2.0586698055267334,2.058466672897339,2.0586884021759033,2.0589468479156494
2.4367923736572266,4.518188714981079,6.5771484375,8.636296033859253,10.6942720413208,12.75267505645752,14.811108350753784,16.869390726089478,18.929288864135742
