Created,Deserialized,Processing,Processed,Finished
1718195129.6538177,1718195129.6604223,1718195129.660424,1718195130.0835552,1718195130.0863044
1718195130.084484,1718195130.086454,1718195130.0864556,1718195130.140535,1718195130.142242
1718195130.3368506,1718195130.3430214,1718195130.3430226,1718195130.396603,1718195130.3983498
1718195130.5938053,1718195130.5963774,1718195130.5963798,1718195130.650907,1718195130.6524832
1718195130.847063,1718195130.8542118,1718195130.8542135,1718195130.9083009,1718195130.9098704
1718195131.1055422,1718195131.1122534,1718195131.1122556,1718195131.1660855,1718195131.1678324
1718195131.3634763,1718195131.3694115,1718195131.369413,1718195131.4233768,1718195131.425081
1718195131.6207664,1718195131.6270876,1718195131.6270897,1718195131.680724,1718195131.6823273
1718195131.8779547,1718195131.88441,1718195131.8844113,1718195131.938124,1718195131.939748
1718195132.135427,1718195132.142097,1718195132.1420982,1718195132.1959121,1718195132.1976483
1718195132.393281,1718195132.4000375,1718195132.4000392,1718195132.4538856,1718195132.4556713
1718195132.651361,1718195132.6578088,1718195132.6578102,1718195132.712003,1718195132.7135475
1718195132.9089108,1718195132.910642,1718195132.9106433,1718195132.965167,1718195132.9667237
1718195133.1613543,1718195133.1678376,1718195133.167839,1718195133.2213755,1718195133.2231
1718195133.4187245,1718195133.4249165,1718195133.424919,1718195133.4785938,1718195133.4804099
1718195133.676112,1718195133.682539,1718195133.6825407,1718195133.7364037,1718195133.7379532
1718195133.9335868,1718195133.940021,1718195133.9400222,1718195133.9937975,1718195133.9954104
1718195134.191103,1718195134.197204,1718195134.1972055,1718195134.251137,1718195134.2529097
1718195134.4485304,1718195134.4552877,1718195134.4552891,1718195134.5089107,1718195134.5106533
1718195134.70633,1718195134.7130826,1718195134.7130842,1718195134.7667377,1718195134.7683463
