Created,Deserialized,Processing,Processed,Finished
1718193849.552546,1718193849.5593393,1718193849.5601244,1718193849.5601263,1718193849.5602434
1718193849.6597102,1718193849.6657395,1718193849.6663861,1718193849.6663878,1718193849.6664824
1718193849.766721,1718193849.7683759,1718193849.769011,1718193849.7690125,1718193849.7691243
1718193849.8696613,1718193849.8760629,1718193849.876715,1718193849.8767166,1718193849.8768265
1718193849.977327,1718193849.984175,1718193849.9847918,1718193849.9847932,1718193849.984888
1718193850.0853798,1718193850.0921254,1718193850.092742,1718193850.0927434,1718193850.092839
1718193850.1933236,1718193850.1999438,1718193850.200562,1718193850.2005632,1718193850.2006588
1718193850.301181,1718193850.3053498,1718193850.3060179,1718193850.3060193,1718193850.3061326
1718193850.4066331,1718193850.4131505,1718193850.4137976,1718193850.4137988,1718193850.413897
1718193850.514385,1718193850.5211554,1718193850.5217905,1718193850.5217917,1718193850.521886
1718193850.622375,1718193850.629044,1718193850.6296623,1718193850.6296635,1718193850.629762
1718193850.7303088,1718193850.7433467,1718193850.7472734,1718193850.7472825,1718193850.7478173
1718193850.8433619,1718193850.8501925,1718193850.850836,1718193850.8508403,1718193850.8509338
1718193850.951321,1718193850.957479,1718193850.9581542,1718193850.958156,1718193850.9582846
1718193851.05877,1718193851.0652044,1718193851.0658152,1718193851.0658169,1718193851.065911
1718193851.166398,1718193851.1793373,1718193851.1833532,1718193851.1833622,1718193851.183857
1718193851.2793863,1718193851.2865398,1718193851.2871587,1718193851.2871604,1718193851.2872512
1718193851.3877344,1718193851.393828,1718193851.39443,1718193851.3944316,1718193851.3945255
1718193851.4948852,1718193851.5007317,1718193851.501719,1718193851.5017207,1718193851.5018628
1718193851.6013584,1718193851.6075985,1718193851.6082196,1718193851.6082208,1718193851.608316
