Created,Deserialized,Processing,Processed,Finished
1718193885.3171527,1718193885.323516,1718193885.3242855,1718193885.3242874,1718193885.3244019
1718193885.423854,1718193885.4305942,1718193885.4312162,1718193885.4312177,1718193885.4313078
1718193885.5314617,1718193885.533021,1718193885.5336597,1718193885.533661,1718193885.5337522
1718193885.634256,1718193885.6408844,1718193885.641529,1718193885.6415303,1718193885.641624
1718193885.7421224,1718193885.755225,1718193885.7593977,1718193885.7594078,1718193885.759927
1718193885.8554034,1718193885.8616278,1718193885.8622391,1718193885.8622406,1718193885.8623333
1718193885.9625785,1718193885.9643412,1718193885.9651086,1718193885.9651113,1718193885.9652576
1718193886.0646794,1718193886.070657,1718193886.0713108,1718193886.0713124,1718193886.0714183
1718193886.1719115,1718193886.178415,1718193886.1790557,1718193886.1790571,1718193886.179154
1718193886.279638,1718193886.286576,1718193886.2871957,1718193886.2871969,1718193886.2872906
1718193886.387773,1718193886.394521,1718193886.3951423,1718193886.395144,1718193886.395237
1718193886.4954765,1718193886.4971175,1718193886.497804,1718193886.4978056,1718193886.4979255
1718193886.5984142,1718193886.6045218,1718193886.605129,1718193886.6051302,1718193886.605221
1718193886.7057052,1718193886.7124,1718193886.7130413,1718193886.713043,1718193886.7131357
1718193886.8136144,1718193886.8204012,1718193886.8210237,1718193886.8210254,1718193886.821119
1718193886.9216018,1718193886.928508,1718193886.9291072,1718193886.9291084,1718193886.9292006
1718193887.0296469,1718193887.0365498,1718193887.0371797,1718193887.037181,1718193887.0372834
1718193887.1377654,1718193887.1445444,1718193887.1451716,1718193887.1451733,1718193887.1452675
1718193887.2457583,1718193887.25251,1718193887.253117,1718193887.2531185,1718193887.2532148
1718193887.353476,1718193887.3559852,1718193887.357143,1718193887.3571455,1718193887.357336
