e2e,offload,process,queue
1.064220666885376,1.0608012676239014,1.061896562576294,1.0612297058105469,1.0607268810272217,1.0615084171295166,1.0557959079742432,1.0555822849273682
-0.996835470199585,-0.9968564510345459,-0.9968125820159912,-0.9968249797821045,-0.9968304634094238,-0.9968283176422119,-0.9967575073242188,-0.9967780113220215
1.059934139251709,1.056544303894043,1.0575931072235107,1.0569429397583008,1.056448221206665,1.0572240352630615,1.0514941215515137,1.0513567924499512
1.001121997833252,1.0011134147644043,1.0011160373687744,1.0011117458343506,1.0011091232299805,1.001112699508667,1.0010592937469482,1.0010035037994385
