e2e,offload,process,queue
8.562360286712646
0.005667448043823242
5.5540549755096436
3.0026378631591797
