e2e,offload,process,queue
5.447057723999023,5.0683434009552,5.065669775009155,5.063138961791992
0.013971328735351562,0.0040090084075927734,0.004024982452392578,0.002639293670654297
5.432602643966675,5.0639190673828125,5.06119441986084,5.060059547424316
0.0004837512969970703,0.0004153251647949219,0.00045037269592285156,0.0004401206970214844
