e2e,offload,process,queue
5.431121349334717,5.06839394569397,5.068000793457031,5.064192056655884
0.008033514022827148,0.0039882659912109375,0.004147529602050781,0.0027027130126953125
5.4229655265808105,5.064021110534668,5.06341028213501,5.060871839523315
0.00012230873107910156,0.0003845691680908203,0.0004429817199707031,0.0006175041198730469
