Created,Deserialized,Processing,Processed,Finished
1718195021.63076,1718195021.6420503,1718195021.646295,1718195021.6463037,1718195021.646796
1718195021.7042546,1718195021.715415,1718195021.7195892,1718195021.7195992,1718195021.7200925
1718195021.7773364,1718195021.779788,1718195021.7809186,1718195021.780921,1718195021.7810922
1718195021.8425093,1718195021.849325,1718195021.8499408,1718195021.8499424,1718195021.8500352
1718195021.912435,1718195021.9236724,1718195021.9278488,1718195021.9278595,1718195021.928388
1718195021.9858336,1718195021.9969647,1718195022.0012143,1718195022.0012243,1718195022.0017285
1718195022.0591762,1718195022.0702765,1718195022.0743299,1718195022.0743399,1718195022.0748477
1718195022.1332977,1718195022.1443937,1718195022.148296,1718195022.1483047,1718195022.1487927
1718195022.2072341,1718195022.2182953,1718195022.2223055,1718195022.222315,1718195022.222816
1718195022.2812915,1718195022.2863436,1718195022.286991,1718195022.2869925,1718195022.2870975
1718195022.3494911,1718195022.3606017,1718195022.36445,1718195022.3644607,1718195022.3649602
1718195022.423412,1718195022.4345608,1718195022.4384809,1718195022.4384918,1718195022.4390378
1718195022.4974866,1718195022.508652,1718195022.5126357,1718195022.5126462,1718195022.513175
1718195022.571627,1718195022.5827944,1718195022.5867848,1718195022.5867946,1718195022.5873094
1718195022.6456957,1718195022.6564736,1718195022.660453,1718195022.6604636,1718195022.6609764
1718195022.7194312,1718195022.7305057,1718195022.734451,1718195022.73446,1718195022.7349875
1718195022.793473,1718195022.8003156,1718195022.8023052,1718195022.8023143,1718195022.8028624
1718195022.8631127,1718195022.8654017,1718195022.8661983,1718195022.866201,1718195022.8663409
1718195022.9285862,1718195022.9343631,1718195022.9353678,1718195022.9353697,1718195022.935469
1718195022.996874,1718195023.0080497,1718195023.0120053,1718195023.012015,1718195023.012543
