e2e,offload,process,queue
2.4422335624694824,4.495628595352173,6.551373720169067
0.012475252151489258,0.009073734283447266,0.004032135009765625
2.429314613342285,2.0593104362487793,2.059588670730591
0.0004436969757080078,2.4272444248199463,4.487752914428711
