e2e,offload,process,queue
2.4831442832946777,4.539295434951782,6.5950822830200195
0.014695167541503906,0.008850812911987305,0.003841400146484375
2.467963218688965,2.0640053749084473,2.0599026679992676
0.0004858970642089844,2.4664392471313477,4.531338214874268
