e2e,offload,process,queue
4.194186210632324,6.26291561126709,8.33009147644043,10.398351669311523
0.0068891048431396484,0.0065441131591796875,0.004016876220703125,0.003964662551879883
2.082017660140991,2.0775504112243652,2.076453924179077,2.0773911476135254
2.1052794456481934,4.178821086883545,6.249620676040649,8.316995859146118
