e2e,offload,process,queue
5.454894065856934,5.0671374797821045
0.008637428283691406,0.0026819705963134766
5.445848226547241,5.064051389694214
0.00040841102600097656,0.00040411949157714844
