e2e,offload,process,queue
1.0642600059509277,1.0657918453216553,1.0643398761749268,1.0598018169403076,1.0664260387420654,1.065384864807129,1.0660278797149658,1.0651659965515137
0.004578113555908203,0.004528045654296875,0.004485607147216797,0.004678964614868164,0.0047147274017333984,0.004662513732910156,0.004696846008300781,0.0046842098236083984
1.059398889541626,1.0609650611877441,1.059532642364502,1.0548205375671387,1.0613937377929688,1.0603785514831543,1.0610251426696777,1.0601632595062256
0.0002830028533935547,0.0002987384796142578,0.0003216266632080078,0.00030231475830078125,0.00031757354736328125,0.0003437995910644531,0.0003058910369873047,0.0003185272216796875
