Created,Deserialized,Processing,Processed,Finished
1718197796.7020357,1718197796.7140467,1718197796.7140517,1718197797.1584778,1718197797.1610482
1718197797.159421,1718197797.1611862,1718197797.1611874,1718197797.2154598,1718197797.2179656
1718197797.2163398,1718197797.2181022,1718197797.2181034,1718197797.2689846,1718197797.271484
1718197797.2698486,1718197797.2716255,1718197797.2716265,1718197797.322523,1718197797.3250854
1718197797.3234324,1718197797.3252218,1718197797.3252232,1718197797.3750787,1718197797.377573
1718197797.3759446,1718197797.3777153,1718197797.3777168,1718197797.434642,1718197797.4373128
1718197797.435608,1718197797.4374647,1718197797.437466,1718197797.4883301,1718197797.4908106
1718197797.4891934,1718197797.4909766,1718197797.4909778,1718197797.5405643,1718197797.543072
1718197797.5414305,1718197797.543212,1718197797.5432134,1718197797.592929,1718197797.5954583
1718197797.5938187,1718197797.5956013,1718197797.5956025,1718197797.6461656,1718197797.6472287
