Created,Deserialized,Processing,Processed,Finished
1718195479.0716803,1718195479.078514,1718195479.0785158,1718195479.5137563,1718195479.5163422
1718195479.5147014,1718195479.5164797,1718195479.516481,1718195479.5704544,1718195479.5722027
1718195479.616624,1718195479.6256208,1718195479.6256254,1718195479.6850722,1718195479.6867855
1718195479.726143,1718195479.732686,1718195479.7326899,1718195479.79191,1718195479.7936823
1718195479.832861,1718195479.8344593,1718195479.8344607,1718195479.8885102,1718195479.890234
1718195479.935632,1718195479.9449587,1718195479.9449632,1718195480.0054672,1718195480.0073204
1718195480.0456576,1718195480.0528283,1718195480.0528326,1718195480.111328,1718195480.1129093
1718195480.1532738,1718195480.1611273,1718195480.161132,1718195480.2203963,1718195480.2220044
1718195480.261246,1718195480.2639172,1718195480.2639194,1718195480.3220515,1718195480.3236818
1718195480.364906,1718195480.366594,1718195480.366596,1718195480.4233637,1718195480.4251158
1718195480.467334,1718195480.4696279,1718195480.46963,1718195480.5365515,1718195480.538292
1718195480.5706162,1718195480.5755417,1718195480.5755448,1718195480.6343632,1718195480.6361055
1718195480.676462,1718195480.6790345,1718195480.679036,1718195480.7361572,1718195480.7380722
1718195480.7792952,1718195480.7810051,1718195480.7810066,1718195480.838378,1718195480.840441
1718195480.8816867,1718195480.8834023,1718195480.883404,1718195480.9395752,1718195480.9414997
1718195480.9837458,1718195480.9864523,1718195480.9864547,1718195481.0469809,1718195481.0486279
1718195481.0868788,1718195481.0901718,1718195481.0901747,1718195481.1460235,1718195481.1476023
1718195481.1910124,1718195481.1972866,1718195481.1972907,1718195481.2577908,1718195481.2593517
1718195481.2976928,1718195481.3046262,1718195481.3046277,1718195481.3730662,1718195481.3745868
1718195481.4048162,1718195481.4065351,1718195481.4065368,1718195481.4662251,1718195481.4681401
