e2e,offload,process,queue
2.473125696182251
0.006507396697998047
2.466261863708496
0.00035643577575683594
