e2e,offload,process,queue
2.487785577774048
0.010788917541503906
2.4764208793640137
0.0005757808685302734
