Created,Deserialized,Processing,Processed,Finished
1718193715.30052,1718193715.307094,1718193715.3078544,1718193715.3078558,1718193715.3079655
1718193715.4074068,1718193715.4137812,1718193715.41444,1718193715.4144416,1718193715.4145389
1718193715.5150943,1718193715.5219617,1718193715.5226202,1718193715.5226216,1718193715.5227373
1718193715.6231346,1718193715.628951,1718193715.6298068,1718193715.629809,1718193715.6299317
1718193715.7293813,1718193715.7358313,1718193715.7364533,1718193715.736455,1718193715.7365472
1718193715.8370008,1718193715.8433874,1718193715.8440185,1718193715.8440197,1718193715.8441203
1718193715.9445622,1718193715.9512868,1718193715.9519327,1718193715.951934,1718193715.9520242
1718193716.052468,1718193716.0588179,1718193716.059474,1718193716.0594752,1718193716.059571
1718193716.1600082,1718193716.166873,1718193716.1674993,1718193716.1675007,1718193716.1675925
1718193716.2680728,1718193716.2742984,1718193716.27494,1718193716.2749417,1718193716.275064
1718193716.37552,1718193716.3818283,1718193716.3824685,1718193716.38247,1718193716.3825672
1718193716.4830365,1718193716.4892144,1718193716.4898257,1718193716.4898272,1718193716.489921
1718193716.590361,1718193716.5963056,1718193716.59691,1718193716.5969114,1718193716.5970047
1718193716.697447,1718193716.7038565,1718193716.7044795,1718193716.704481,1718193716.7045705
1718193716.8050458,1718193716.8114336,1718193716.8120832,1718193716.8120852,1718193716.8122091
1718193716.9126537,1718193716.9190521,1718193716.9196787,1718193716.91968,1718193716.919775
1718193717.0202248,1718193717.0263255,1718193717.0269568,1718193717.0269582,1718193717.0270503
1718193717.1273873,1718193717.134305,1718193717.1349216,1718193717.1349227,1718193717.1350179
1718193717.2354567,1718193717.2417152,1718193717.2423341,1718193717.2423356,1718193717.2424254
1718193717.342695,1718193717.3443384,1718193717.3449607,1718193717.3449624,1718193717.345081
