Created,Deserialized,Processing,Processed,Finished
1718193693.3519456,1718193693.3584285,1718193693.3584309,1718193693.771922,1718193693.7744386
1718193693.7728126,1718193693.7745726,1718193693.7745745,1718193693.828181,1718193693.8297215
1718193693.8750865,1718193693.8843138,1718193693.884319,1718193693.9432838,1718193693.9448347
1718193693.984237,1718193693.9918685,1718193693.991873,1718193694.0502934,1718193694.0518076
1718193694.092184,1718193694.100025,1718193694.1000292,1718193694.159038,1718193694.1606307
1718193694.200032,1718193694.2073686,1718193694.2073731,1718193694.2659905,1718193694.2675817
1718193694.3079557,1718193694.3157332,1718193694.3157372,1718193694.3747978,1718193694.3763847
1718193694.4157548,1718193694.4231503,1718193694.423154,1718193694.481601,1718193694.4832218
1718193694.523615,1718193694.5313902,1718193694.5313947,1718193694.5907898,1718193694.5923958
1718193694.631577,1718193694.6331725,1718193694.6331737,1718193694.6871026,1718193694.6886659
1718193694.734131,1718193694.7438703,1718193694.7438753,1718193694.8054242,1718193694.807044
1718193694.8444011,1718193694.851116,1718193694.8511195,1718193694.9093783,1718193694.9109833
1718193694.9511986,1718193694.9561775,1718193694.9561815,1718193695.0157015,1718193695.0173068
1718193695.0566657,1718193695.0640795,1718193695.0640843,1718193695.1229002,1718193695.1245055
1718193695.164864,1718193695.1727421,1718193695.172746,1718193695.2314024,1718193695.2330048
1718193695.273358,1718193695.281135,1718193695.281139,1718193695.3402457,1718193695.341815
1718193695.3812122,1718193695.3886003,1718193695.388604,1718193695.4477427,1718193695.4493542
1718193695.4887354,1718193695.4959264,1718193695.4959297,1718193695.554472,1718193695.5560079
1718193695.5962052,1718193695.5978312,1718193695.5978327,1718193695.651889,1718193695.6534307
1718193695.6989172,1718193695.708628,1718193695.708633,1718193695.7681017,1718193695.7696402
