Created,Deserialized,Processing,Processed,Finished
1718193675.3325279,1718193675.3385465,1718193675.338548,1718193675.744651,1718193675.7472186
1718193675.7455537,1718193675.7473643,1718193675.7473657,1718193675.8013935,1718193675.8023736
1718193675.8477638,1718193675.85691,1718193675.8569145,1718193675.9128156,1718193675.913772
1718193675.957186,1718193675.9662554,1718193675.9662595,1718193676.0220096,1718193676.0230312
1718193676.0663676,1718193676.0701232,1718193676.0701258,1718193676.1235244,1718193676.1244912
1718193676.17088,1718193676.180997,1718193676.1810017,1718193676.237465,1718193676.2384539
1718193676.2808282,1718193676.2881243,1718193676.2881277,1718193676.342436,1718193676.3434052
1718193676.3887224,1718193676.3955076,1718193676.395513,1718193676.452429,1718193676.453405
1718193676.495853,1718193676.504533,1718193676.5045369,1718193676.5604742,1718193676.5614467
1718193676.6046307,1718193676.6062589,1718193676.60626,1718193676.6580865,1718193676.6590765
1718193676.7074952,1718193676.7179375,1718193676.717942,1718193676.7740707,1718193676.7750514
1718193676.818509,1718193676.8275638,1718193676.8275683,1718193676.8834524,1718193676.8844042
1718193676.9277983,1718193676.9366198,1718193676.9366236,1718193676.992286,1718193676.9932723
1718193677.0367477,1718193677.0458107,1718193677.045815,1718193677.1018903,1718193677.102863
1718193677.1462388,1718193677.1509955,1718193677.1509986,1718193677.2050407,1718193677.2060366
1718193677.2513342,1718193677.2562637,1718193677.2562675,1718193677.3142238,1718193677.3152225
1718193677.3564548,1718193677.3594754,1718193677.3594778,1718193677.4156146,1718193677.4165988
1718193677.4600809,1718193677.4691386,1718193677.4691434,1718193677.5251436,1718193677.5261302
1718193677.5696003,1718193677.5786114,1718193677.5786166,1718193677.6343856,1718193677.6353724
1718193677.6788702,1718193677.6878338,1718193677.6878378,1718193677.7440138,1718193677.7449908
