e2e,offload,process,queue
0.4984476566314697,0.5451257228851318,0.16608023643493652,0.16086292266845703,0.107757568359375
0.07114195823669434,0.48916172981262207,0.11551117897033691,0.10962247848510742,0.05577492713928223
0.42719006538391113,0.055872201919555664,0.050492048263549805,0.051168203353881836,0.05191659927368164
0.00011563301086425781,9.179115295410156e-05,7.700920104980469e-05,7.224082946777344e-05,6.604194641113281e-05
