e2e,offload,process,queue
2.501926898956299,4.563237428665161,6.613641977310181
0.01334691047668457,0.010104656219482422,0.004628658294677734
2.488154411315918,2.066462278366089,2.054436445236206
0.00042557716369628906,2.48667049407959,4.554576873779297
