e2e,offload,process,queue
0.5199830532073975,0.5764889717102051,0.6233751773834229,0.6701843738555908,0.7204506397247314
0.007893800735473633,0.012272834777832031,0.0088348388671875,0.005561113357543945,0.0033197402954101562
0.5114948749542236,0.05728745460510254,0.05145573616027832,0.05038285255432129,0.05131649971008301
0.0005943775177001953,0.5069286823272705,0.563084602355957,0.6142404079437256,0.6658143997192383
