e2e,offload,process,queue
5.429822683334351
0.012732267379760742
5.416645288467407
0.0004451274871826172
