Created,Deserialized,Processing,Processed,Finished
1718193821.3628685,1718193821.370117,1718193821.3709135,1718193821.3709157,1718193821.371038
1718193821.4703133,1718193821.4719226,1718193821.4725645,1718193821.472567,1718193821.4726758
1718193821.5731862,1718193821.5764441,1718193821.5770721,1718193821.5770748,1718193821.5771825
1718193821.6776738,1718193821.6845074,1718193821.685155,1718193821.685157,1718193821.6852794
1718193821.7857819,1718193821.79075,1718193821.7918878,1718193821.7918897,1718193821.7919962
1718193821.8905063,1718193821.8969796,1718193821.897606,1718193821.897607,1718193821.897707
1718193821.9981985,1718193822.0050032,1718193822.0056407,1718193822.0056422,1718193822.0057385
1718193822.1062238,1718193822.1129248,1718193822.113566,1718193822.113567,1718193822.1136599
1718193822.2141752,1718193822.220656,1718193822.221282,1718193822.2212837,1718193822.2214036
1718193822.3218937,1718193822.3289325,1718193822.329568,1718193822.3295693,1718193822.3296642
1718193822.430145,1718193822.4366887,1718193822.4373403,1718193822.4373417,1718193822.4374557
1718193822.5379515,1718193822.5444295,1718193822.5450487,1718193822.5450504,1718193822.5451431
1718193822.6456263,1718193822.6516023,1718193822.6522377,1718193822.6522388,1718193822.6523323
1718193822.7528524,1718193822.7575848,1718193822.758224,1718193822.7582257,1718193822.7583334
1718193822.8588076,1718193822.865613,1718193822.8662376,1718193822.8662393,1718193822.8663356
1718193822.9668193,1718193822.9731314,1718193822.9737504,1718193822.9737518,1718193822.9738462
1718193823.0743241,1718193823.0805905,1718193823.081201,1718193823.0812025,1718193823.0812945
1718193823.1817758,1718193823.188495,1718193823.1891165,1718193823.189118,1718193823.189209
1718193823.2897038,1718193823.2958798,1718193823.2965007,1718193823.296503,1718193823.2966259
1718193823.397147,1718193823.4035923,1718193823.4042408,1718193823.4042428,1718193823.4043605
