e2e,offload,process,queue
10.528500080108643,10.518179416656494,15.193891048431396,10.127393007278442
5.084974050521851,5.4535627365112305,10.132269620895386,5.065261602401733
5.443313837051392,5.06404185295105,5.061173915863037,5.061544179916382
0.00021219253540039062,0.0005748271942138672,0.0004475116729736328,0.0005872249603271484
