e2e,offload,process,queue
5.440793514251709,5.068927526473999
0.005563974380493164,0.002705812454223633
5.435072898864746,5.065832138061523
0.00015664100646972656,0.0003895759582519531
