e2e,offload,process,queue
5.464040279388428,5.066660642623901
0.014531612396240234,0.0033445358276367188
5.449167490005493,5.062948226928711
0.00034117698669433594,0.00036787986755371094
