e2e,offload,process,queue
5.424083232879639,5.0696940422058105,5.069310188293457,5.068292617797852
0.007987499237060547,0.00464630126953125,0.0046062469482421875,0.003404855728149414
5.415896892547607,5.0646445751190186,5.064262866973877,5.064432621002197
0.00019884109497070312,0.0004031658172607422,0.0004410743713378906,0.0004551410675048828
