e2e,offload,process,queue
5.439250707626343,5.072465896606445
0.013846397399902344,0.0027341842651367188
5.424993991851807,5.069331407546997
0.00041031837463378906,0.00040030479431152344
