e2e,offload,process,queue
10.51254415512085,10.50203251838684,15.19058895111084,10.123987674713135
5.08545708656311,5.437351226806641,10.129364252090454,5.064931631088257
5.4268798828125,5.064062833786011,5.060737133026123,5.05848240852356
0.0002071857452392578,0.0006184577941894531,0.0004875659942626953,0.0005736351013183594
