e2e,offload,process,queue
20.71393632888794,20.70302391052246,20.69188642501831,20.68100643157959
15.269572019577026,15.638027667999268,10.565615892410278,15.597440242767334
5.444146394729614,5.0645153522491455,5.060301065444946,5.083068132400513
0.00021791458129882812,0.00048089027404785156,5.065969467163086,0.0004980564117431641
