e2e,offload,process,queue
1.0645723342895508,1.0684292316436768,1.065077781677246,1.0661261081695557,1.0647785663604736,1.0606637001037598,1.0641257762908936,1.0651907920837402
0.004609584808349609,0.004502773284912109,0.004476785659790039,0.004496574401855469,0.004450559616088867,0.004480123519897461,0.004498004913330078,0.004542112350463867
1.0597071647644043,1.0635852813720703,1.0603020191192627,1.061326026916504,1.060028076171875,1.055879831314087,1.0593223571777344,1.0603489875793457
0.000255584716796875,0.00034117698669433594,0.0002989768981933594,0.00030350685119628906,0.0002999305725097656,0.0003037452697753906,0.00030541419982910156,0.00029969215393066406
