Created,Deserialized,Processing,Processed,Finished
1718195039.3345795,1718195039.3414645,1718195039.3422227,1718195039.3422241,1718195039.3423371
1718195039.4045506,1718195039.4071102,1718195039.4090521,1718195039.4090567,1718195039.4093962
1718195039.4697878,1718195039.4759848,1718195039.476666,1718195039.4766674,1718195039.4767883
1718195039.5390024,1718195039.540527,1718195039.5411384,1718195039.5411396,1718195039.541236
1718195039.6036367,1718195039.6103392,1718195039.6109533,1718195039.6109545,1718195039.611044
1718195039.6734405,1718195039.684518,1718195039.6886458,1718195039.6886532,1718195039.6891742
1718195039.7463806,1718195039.747921,1718195039.7485268,1718195039.7485285,1718195039.7486243
1718195039.8111165,1718195039.817375,1718195039.818007,1718195039.8180087,1718195039.8181362
1718195039.8805423,1718195039.8915877,1718195039.8958812,1718195039.895891,1718195039.896447
1718195039.953893,1718195039.9598284,1718195039.9604368,1718195039.960438,1718195039.9605286
1718195040.0229518,1718195040.034003,1718195040.0381892,1718195040.0381966,1718195040.0387256
1718195040.0961785,1718195040.1072202,1718195040.1113045,1718195040.1113114,1718195040.1118255
1718195040.1702714,1718195040.1765697,1718195040.1771648,1718195040.177166,1718195040.1772587
1718195040.2396483,1718195040.2506826,1718195040.2549548,1718195040.2549639,1718195040.2554982
1718195040.3127964,1718195040.3145013,1718195040.3151498,1718195040.3151517,1718195040.315285
1718195040.377698,1718195040.3842654,1718195040.3848715,1718195040.3848727,1718195040.384965
1718195040.4471424,1718195040.4487035,1718195040.4506981,1718195040.4507027,1718195040.4510474
1718195040.511478,1718195040.5175722,1718195040.518197,1718195040.5181983,1718195040.5182893
1718195040.580685,1718195040.5917509,1718195040.5958774,1718195040.5958872,1718195040.596444
1718195040.6538987,1718195040.6600132,1718195040.6606333,1718195040.6606345,1718195040.6607246
