Created,Deserialized,Processing,Processed,Finished
1718195068.0928252,1718195068.1064422,1718195068.10645,1718195068.5258079,1718195068.5285509
1718195068.5268507,1718195068.528697,1718195068.5286984,1718195068.5835996,1718195068.584564
1718195068.5918365,1718195068.5934536,1718195068.5934548,1718195068.6438391,1718195068.6448123
1718195068.6559868,1718195068.6575716,1718195068.6575727,1718195068.7093956,1718195068.7103605
1718195068.7206283,1718195068.7222157,1718195068.7222173,1718195068.7714174,1718195068.7723923
1718195068.7866664,1718195068.7882802,1718195068.788282,1718195068.8377006,1718195068.8387017
1718195068.8508477,1718195068.8524418,1718195068.852443,1718195068.9019582,1718195068.9029145
1718195068.9150646,1718195068.916645,1718195068.916647,1718195068.965996,1718195068.9670591
1718195068.9793267,1718195068.9809072,1718195068.9809086,1718195069.0304468,1718195069.0314841
1718195069.0437512,1718195069.0453372,1718195069.0453384,1718195069.094928,1718195069.0958793
1718195069.1080174,1718195069.1096,1718195069.1096013,1718195069.1594353,1718195069.1604512
1718195069.1727226,1718195069.174298,1718195069.1742995,1718195069.225525,1718195069.2264981
1718195069.2378018,1718195069.2393937,1718195069.2393951,1718195069.2888327,1718195069.2898557
1718195069.302133,1718195069.3037066,1718195069.3037076,1718195069.3533924,1718195069.3544002
1718195069.366665,1718195069.368258,1718195069.3682594,1718195069.4179597,1718195069.4189558
1718195069.4310973,1718195069.432671,1718195069.432672,1718195069.4821644,1718195069.4831903
1718195069.4953578,1718195069.497016,1718195069.4970176,1718195069.5468736,1718195069.547893
1718195069.5600832,1718195069.561671,1718195069.561672,1718195069.6125226,1718195069.6134906
1718195069.6247604,1718195069.62632,1718195069.6263208,1718195069.676376,1718195069.6773329
1718195069.6896055,1718195069.6911924,1718195069.6911936,1718195069.740606,1718195069.7415888
