Created,Deserialized,Processing,Processed,Finished
1718195049.0248668,1718195049.0379698,1718195049.042518,1718195049.0425274,1718195049.0430958
1718195049.1005964,1718195049.1136174,1718195049.117575,1718195049.1175847,1718195049.1180995
1718195049.1755378,1718195049.1852908,1718195049.1876528,1718195049.1876578,1718195049.1879756
1718195049.2483416,1718195049.25504,1718195049.2556512,1718195049.255653,1718195049.25575
1718195049.318201,1718195049.329186,1718195049.3298259,1718195049.329827,1718195049.329921
1718195049.39232,1718195049.3983982,1718195049.3990517,1718195049.3990536,1718195049.3991585
1718195049.461609,1718195049.4744773,1718195049.47861,1718195049.4786205,1718195049.4791567
1718195049.536648,1718195049.549585,1718195049.5536835,1718195049.5536933,1718195049.5542002
1718195049.6116893,1718195049.6245904,1718195049.6286416,1718195049.6286495,1718195049.629164
1718195049.686389,1718195049.6879694,1718195049.6885898,1718195049.6885922,1718195049.6887245
1718195049.7511787,1718195049.7578976,1718195049.758548,1718195049.7585497,1718195049.7586591
1718195049.820977,1718195049.8260512,1718195049.828673,1718195049.8286796,1718195049.8291469
1718195049.8896492,1718195049.8957918,1718195049.8964293,1718195049.8964307,1718195049.8965254
1718195049.9589913,1718195049.9719214,1718195049.9760106,1718195049.9760196,1718195049.9765284
1718195050.0340214,1718195050.0401773,1718195050.0407865,1718195050.040788,1718195050.0408843
1718195050.103327,1718195050.1162825,1718195050.1204038,1718195050.120414,1718195050.1209464
1718195050.1784472,1718195050.188854,1718195050.1894684,1718195050.1894698,1718195050.1895664
1718195050.2519417,1718195050.2584918,1718195050.2591393,1718195050.2591414,1718195050.2592676
1718195050.3216474,1718195050.3345811,1718195050.3387408,1718195050.3387501,1718195050.3392696
1718195050.3967674,1718195050.4028528,1718195050.4035,1718195050.4035013,1718195050.4035978
