e2e,offload,process,queue
5.424918174743652,5.0893638134002686
0.014647722244262695,0.0036873817443847656
5.409905195236206,5.085309267044067
0.00036525726318359375,0.00036716461181640625
