e2e,offload,process,queue
1.0652623176574707,1.0649068355560303,1.0612702369689941,1.0651121139526367,1.065424919128418,1.0651438236236572,1.0658085346221924,1.0658493041992188,1.0654728412628174,1.0651240348815918,1.0656604766845703,1.0651535987854004,1.0656609535217285,1.0658843517303467,1.0654354095458984,1.0643510818481445
0.004585742950439453,0.004533290863037109,0.0046885013580322266,0.00466609001159668,0.004755496978759766,0.0046539306640625,0.004663705825805664,0.004743814468383789,0.004792690277099609,0.004673957824707031,0.004737138748168945,0.004698276519775391,0.003947019577026367,0.004560947418212891,0.004503011703491211,0.0044727325439453125
1.0603771209716797,1.0600559711456299,1.0562539100646973,1.0601413249969482,1.0603599548339844,1.0601818561553955,1.0608441829681396,1.060774326324463,1.060375690460205,1.0601534843444824,1.0605854988098145,1.060147762298584,1.0613751411437988,1.061018466949463,1.0606303215026855,1.0595853328704834
0.0002994537353515625,0.00031757354736328125,0.00032782554626464844,0.0003046989440917969,0.0003094673156738281,0.00030803680419921875,0.0003006458282470703,0.0003311634063720703,0.0003044605255126953,0.00029659271240234375,0.00033783912658691406,0.0003075599670410156,0.0003387928009033203,0.00030493736267089844,0.0003020763397216797,0.0002930164337158203
