e2e,offload,process,queue
0.48165225982666016,0.5345163345336914,0.5823168754577637
0.012674570083618164,0.010022640228271484,0.0046083927154541016
0.4685547351837158,0.05837845802307129,0.05197882652282715
0.0004229545593261719,0.46611523628234863,0.5257296562194824
