e2e,offload,process,queue
5.4413580894470215,5.065255165100098,5.068699359893799,5.067725419998169
0.012545585632324219,0.005182504653930664,0.0043981075286865234,0.003398418426513672
5.428484916687012,5.059691667556763,5.063842535018921,5.063867807388306
0.0003275871276855469,0.0003809928894042969,0.00045871734619140625,0.0004591941833496094
