Created,Deserialized,Processing,Processed,Finished
1718194793.470212,1718194793.4818401,1718194793.4818487,1718194793.8898535,1718194793.8924153
1718194793.8907955,1718194793.8925574,1718194793.8925586,1718194793.94581,1718194793.9473813
1718194793.9556575,1718194793.9572275,1718194793.957229,1718194794.0109818,1718194794.0128427
1718194794.020029,1718194794.021623,1718194794.021624,1718194794.0760272,1718194794.077741
1718194794.0850089,1718194794.0865998,1718194794.0866013,1718194794.1407187,1718194794.142437
1718194794.149705,1718194794.1513035,1718194794.1513045,1718194794.2052217,1718194794.2069738
1718194794.2141204,1718194794.2157373,1718194794.2157393,1718194794.2697754,1718194794.271518
1718194794.2787926,1718194794.2803845,1718194794.280386,1718194794.3335867,1718194794.335363
1718194794.3435497,1718194794.3451135,1718194794.345115,1718194794.3986728,1718194794.3997579
1718194794.408028,1718194794.4096086,1718194794.40961,1718194794.4625514,1718194794.4642935
1718194794.4726055,1718194794.4741795,1718194794.474181,1718194794.5279887,1718194794.5290835
1718194794.5372653,1718194794.538907,1718194794.5389087,1718194794.5930278,1718194794.5946739
1718194794.6018481,1718194794.6034389,1718194794.60344,1718194794.6565306,1718194794.6582232
1718194794.6664937,1718194794.6681006,1718194794.6681018,1718194794.7208443,1718194794.7224867
1718194794.7307198,1718194794.7323472,1718194794.7323484,1718194794.7891712,1718194794.7907722
1718194794.7949526,1718194794.796538,1718194794.7965393,1718194794.849501,1718194794.8511968
1718194794.8594723,1718194794.8610425,1718194794.8610437,1718194794.9142988,1718194794.9160552
1718194794.92424,1718194794.9258676,1718194794.9258687,1718194794.9799547,1718194794.9817357
1718194794.9890127,1718194794.9905899,1718194794.9905913,1718194795.0437589,1718194795.0454602
1718194795.0537338,1718194795.0553184,1718194795.0553195,1718194795.1082187,1718194795.1099932
