e2e,offload,process,queue
20.669825315475464,20.65870189666748,20.64743208885193,20.636390686035156
15.25197958946228,15.5955650806427,10.520548343658447,15.572984218597412
5.4176270961761475,5.062627553939819,5.0623438358306885,5.062890529632568
0.0002186298370361328,0.0005092620849609375,5.064539909362793,0.0005159378051757812
