e2e,offload,process,queue
2.4606375694274902
0.014386177062988281
2.4457600116729736
0.0004913806915283203
