e2e,offload,process,queue
1.0649511814117432,1.0605378150939941,1.0625886917114258,1.0606236457824707,1.060225248336792,1.0603358745574951,1.0603082180023193,1.0604920387268066
0.004299640655517578,0.004225015640258789,0.004223823547363281,0.004229545593261719,0.004181385040283203,0.004203319549560547,0.0042192935943603516,0.0042629241943359375
1.06065034866333,1.056311845779419,1.058363914489746,1.0563929080963135,1.0560429096221924,1.056131362915039,1.0560877323150635,1.056227684020996
1.1920928955078125e-06,9.5367431640625e-07,9.5367431640625e-07,1.1920928955078125e-06,9.5367431640625e-07,1.1920928955078125e-06,1.1920928955078125e-06,1.430511474609375e-06
