e2e,offload,process,queue
4.130472421646118,6.190978050231934,8.248833656311035,10.30099868774414
0.007133007049560547,0.006123065948486328,0.002769947052001953,0.005902767181396484
2.0614919662475586,2.0707576274871826,2.067821979522705,2.0626726150512695
2.061847448348999,4.114097356796265,6.178241729736328,8.232423305511475
