e2e,offload,process,queue
1.0642356872558594,1.0755856037139893,1.0651159286499023,1.0649502277374268,1.0654594898223877,1.065248727798462,1.0648777484893799,1.0654747486114502
0.0044765472412109375,0.004502058029174805,0.004548549652099609,0.004496574401855469,0.004472255706787109,0.004468679428100586,0.004549264907836914,0.004601716995239258
1.0594511032104492,1.0707895755767822,1.060253620147705,1.0601112842559814,1.0606689453125,1.0604236125946045,1.059995174407959,1.060558795928955
0.00030803680419921875,0.00029397010803222656,0.00031375885009765625,0.00034236907958984375,0.00031828880310058594,0.00035643577575683594,0.0003333091735839844,0.0003142356872558594
