e2e,offload,process,queue
10.50100040435791,10.490412712097168,15.202475547790527,10.134862184524536
5.086571931838989,5.424714088439941,10.137279510498047,5.069458961486816
5.414245128631592,5.065138816833496,5.064736843109131,5.064836740493774
0.00018334388732910156,0.0005598068237304688,0.0004591941833496094,0.0005664825439453125
