e2e,offload,process,queue
1.4218838214874268,2.490001678466797
0.013289928436279297,0.008484601974487305
1.4084930419921875,1.0751540660858154
0.00010085105895996094,1.4063630104064941
