e2e,offload,process,queue
5.438930034637451,5.068821668624878,5.075483083724976,5.059890985488892
0.004314899444580078,0.004849910736083984,0.004831790924072266,0.0035021305084228516
5.434503793716431,5.063551902770996,5.0701515674591064,5.055881023406982
0.00011134147644042969,0.00041985511779785156,0.000499725341796875,0.0005078315734863281
