e2e,offload,process,queue
0.05791902542114258,0.0549616813659668,0.05508279800415039,0.055351972579956055,0.05544853210449219,0.054945945739746094,0.054338932037353516,0.05388164520263672
0.004260063171386719,0.004220008850097656,0.004292726516723633,0.0043659210205078125,0.004383087158203125,0.004337310791015625,0.004262685775756836,0.004220485687255859
0.05365705490112305,0.050740957260131836,0.05078911781311035,0.05098533630371094,0.051064491271972656,0.05060768127441406,0.05007529258728027,0.049660444259643555
1.9073486328125e-06,7.152557373046875e-07,9.5367431640625e-07,7.152557373046875e-07,9.5367431640625e-07,9.5367431640625e-07,9.5367431640625e-07,7.152557373046875e-07
