e2e,offload,process,queue
0.484041690826416,0.5343737602233887,0.16415953636169434,0.1654343605041504,0.1120307445526123
0.0644688606262207,0.48027539253234863,0.11338090896606445,0.11477088928222656,0.05522871017456055
0.4194786548614502,0.05398273468017578,0.05068516731262207,0.050569772720336914,0.056726932525634766
9.417533874511719e-05,0.00011563301086425781,9.34600830078125e-05,9.369850158691406e-05,7.510185241699219e-05
