e2e,offload,process,queue
0.5058140754699707,0.5513620376586914,0.16691899299621582,0.15939545631408691,0.1065375804901123
0.07346129417419434,0.4937148094177246,0.11676287651062012,0.1089634895324707,0.05492734909057617
0.4322521686553955,0.0575258731842041,0.05006718635559082,0.05033445358276367,0.05154609680175781
0.00010061264038085938,0.00012135505676269531,8.893013000488281e-05,9.751319885253906e-05,6.413459777832031e-05
