e2e,offload,process,queue
0.07978439331054688,0.0693051815032959,0.05851936340332031,0.05401754379272461,0.053441762924194336,0.05348920822143555,0.0536198616027832,0.05499410629272461,0.05404853820800781
0.0031890869140625,0.0030312538146972656,0.0029687881469726562,0.0028378963470458984,0.002759695053100586,0.0027976036071777344,0.003221750259399414,0.0028955936431884766,0.0028388500213623047
0.05599045753479004,0.05173850059509277,0.05139732360839844,0.051032066345214844,0.05050778388977051,0.050510406494140625,0.050185441970825195,0.051909685134887695,0.05105018615722656
0.020604848861694336,0.01453542709350586,0.004153251647949219,0.0001475811004638672,0.0001742839813232422,0.0001811981201171875,0.00021266937255859375,0.0001888275146484375,0.0001595020294189453
