e2e,offload,process,queue
10.52468466758728,10.514286279678345,15.192871332168579,10.126671552658081
5.084673166275024,5.450037479400635,10.131417274475098,5.06512713432312
5.43979024887085,5.063679218292236,5.060956001281738,5.06092381477356
0.00022125244140625,0.0005695819854736328,0.0004980564117431641,0.0006206035614013672
