e2e,offload,process,queue
5.435752630233765,5.067294597625732
0.014351844787597656,0.002567768096923828
5.420958042144775,5.064340353012085
0.00044274330139160156,0.0003864765167236328
