e2e,offload,process,queue
3.0681960582733154,3.0675859451293945,3.0649123191833496,3.0672881603240967,3.066784620285034,3.067676544189453,3.067450523376465,3.0679094791412354
0.004549741744995117,0.004542112350463867,0.004567384719848633,0.004536151885986328,0.004523754119873047,0.0046291351318359375,0.00474238395690918,0.004626750946044922
3.063232421875,3.062577724456787,3.0598971843719482,3.062297821044922,3.0618045330047607,3.0625545978546143,3.0622267723083496,3.06282901763916
0.0004138946533203125,0.0004661083221435547,0.0004477500915527344,0.00045418739318847656,0.0004563331604003906,0.0004928112030029297,0.0004813671112060547,0.00045371055603027344
