e2e,offload,process,queue
5.437223196029663,5.069080352783203,5.0665528774261475,5.064864873886108
0.010878801345825195,0.004487752914428711,0.004498720169067383,0.0028905868530273438
5.426147222518921,5.064190626144409,5.061629056930542,5.061550140380859
0.0001971721649169922,0.0004019737243652344,0.00042510032653808594,0.0004241466522216797
