e2e,offload,process,queue
1.064664602279663,1.0653696060180664,1.064647912979126,1.060114860534668,1.0644962787628174,1.0652213096618652,1.0653598308563232,1.065788984298706
0.00451970100402832,0.004515647888183594,0.004540920257568359,0.004607200622558594,0.004717826843261719,0.004681587219238281,0.004673004150390625,0.004651069641113281
1.0598728656768799,1.0605545043945312,1.0598063468933105,1.0551700592041016,1.059476613998413,1.0602412223815918,1.0603444576263428,1.0608363151550293
0.0002720355987548828,0.0002994537353515625,0.0003006458282470703,0.0003376007080078125,0.0003018379211425781,0.00029850006103515625,0.00034236907958984375,0.00030159950256347656
