e2e,offload,process,queue
5.43285059928894,5.068787097930908
0.014397382736206055,0.003528594970703125
5.418001890182495,5.064704895019531
0.0004513263702392578,0.0005536079406738281
