Created,Deserialized,Processing,Processed,Finished
1717513107.5703106,1717513107.5772831,1717513107.6276886,1717513107.6290767
1717513107.6783402,1717513107.6800573,1717513107.7301838,1717513107.7315335
1717513107.780787,1717513107.7825432,1717513107.8240767,1717513107.8253462
1717513107.8826082,1717513107.884328,1717513107.9588964,1717513107.960252
1717513107.9845574,1717513107.9872806,1717513108.0506203,1717513108.0519102
1717513108.0891569,1717513108.090858,1717513108.1726923,1717513108.1740572
1717513108.1913266,1717513108.193032,1717513108.240319,1717513108.2415924
1717513108.2951555,1717513108.3055182,1717513108.3884823,1717513108.389764
1717513108.4060564,1717513108.407652,1717513108.450581,1717513108.4518795
1717513108.5080948,1717513108.509758,1717513108.571858,1717513108.5733786
1717513108.6107733,1717513108.6171064,1717513108.6975563,1717513108.6988559
1717513108.718157,1717513108.7198198,1717513108.7703495,1717513108.771609
1717513108.8210602,1717513108.8304024,1717513108.9114347,1717513108.9127882
1717513108.9319968,1717513108.9336498,1717513108.9832318,1717513108.984492
1717513109.0337741,1717513109.0355237,1717513109.0842183,1717513109.086363
1717513109.135853,1717513109.1454303,1717513109.2290766,1717513109.2303329
1717513109.2456183,1717513109.2472258,1717513109.2881076,1717513109.2893777
1717513109.3478937,1717513109.355845,1717513109.4027226,1717513109.4040782
1717513109.4576044,1717513109.4687288,1717513109.55143,1717513109.55271
1717513109.5689976,1717513109.5705922,1717513109.613599,1717513109.6148787
