e2e,offload,process,queue
3.066403865814209,3.0635735988616943,3.064019203186035,3.063190460205078,3.0638973712921143,3.0574071407318115,3.0639638900756836,3.062189817428589
0.00401616096496582,0.004026651382446289,0.0040891170501708984,0.004036664962768555,0.004093647003173828,0.004120826721191406,0.004207134246826172,0.004040718078613281
3.061981678009033,3.0590856075286865,3.059476852416992,3.0586955547332764,3.059358596801758,3.0528273582458496,3.059267282485962,3.057640552520752
0.00040602684020996094,0.00046133995056152344,0.0004532337188720703,0.0004582405090332031,0.0004451274871826172,0.0004589557647705078,0.0004894733428955078,0.0005085468292236328
