Created,Deserialized,Processing,Processed,Finished
1718194000.6457827,1718194000.6587815,1718194000.662661,1718194002.0611463,1718194002.063289
1718194002.061678,1718194002.063426,1718194002.0640597,1718194002.067802,1718194002.0682168
1718194002.1637177,1718194002.1765983,1718194002.1801522,1718194002.1884425,1718194002.1889997
1718194002.2772663,1718194002.2789927,1718194002.279642,1718194002.2836397,1718194002.2841763
1718194002.3797278,1718194002.3861248,1718194002.3867767,1718194002.3901436,1718194002.3905478
1718194002.4870832,1718194002.4938326,1718194002.494478,1718194002.4978037,1718194002.4982328
1718194002.5946372,1718194002.6012213,1718194002.603221,1718194002.610235,1718194002.6109138
1718194002.7014775,1718194002.7082174,1718194002.7088606,1718194002.7126868,1718194002.7131712
1718194002.8085892,1718194002.8143744,1718194002.8150444,1718194002.8188167,1718194002.819313
1718194002.9149103,1718194002.9217668,1718194002.9224446,1718194002.926266,1718194002.9267583
1718194003.0219667,1718194003.0235555,1718194003.0241776,1718194003.0275955,1718194003.028026
1718194003.1244688,1718194003.1312916,1718194003.1319199,1718194003.135063,1718194003.1354306
1718194003.2319238,1718194003.2382848,1718194003.238917,1718194003.2420454,1718194003.2424505
1718194003.3387902,1718194003.344132,1718194003.3448455,1718194003.3485415,1718194003.3490036
1718194003.4445088,1718194003.4508195,1718194003.4514666,1718194003.454634,1718194003.455018
1718194003.5515392,1718194003.5582986,1718194003.5589435,1718194003.5620801,1718194003.5624397
1718194003.6589675,1718194003.6717007,1718194003.6750028,1718194003.6819546,1718194003.682464
1718194003.77196,1718194003.7849443,1718194003.7890453,1718194003.7968934,1718194003.7974122
1718194003.8857505,1718194003.8889112,1718194003.8904097,1718194003.8952732,1718194003.8957765
1718194003.9892924,1718194003.9953773,1718194003.995992,1718194003.9992666,1718194003.999649
