Created,Deserialized,Processing,Processed,Finished
1718194119.6027744,1718194119.6050315,1718194119.6050363,1718194120.0326667,1718194120.0352354
1718194120.0335767,1718194120.035372,1718194120.035373,1718194120.0889559,1718194120.0899312
1718194120.13632,1718194120.1456547,1718194120.1456592,1718194120.2015207,1718194120.2025065
1718194120.245866,1718194120.2547507,1718194120.2547555,1718194120.3105679,1718194120.3116138
1718194120.3551037,1718194120.364099,1718194120.3641038,1718194120.4192626,1718194120.4202447
1718194120.464594,1718194120.4738224,1718194120.4738271,1718194120.5299008,1718194120.530921
1718194120.5743048,1718194120.58328,1718194120.5832853,1718194120.6389797,1718194120.6399698
1718194120.6833544,1718194120.692048,1718194120.6920528,1718194120.747574,1718194120.7485704
1718194120.7920089,1718194120.800641,1718194120.8006454,1718194120.8560107,1718194120.8570063
1718194120.9012678,1718194120.9066393,1718194120.9066439,1718194120.9682956,1718194120.9694495
1718194121.0067544,1718194121.0115256,1718194121.0115287,1718194121.0643952,1718194121.0653787
1718194121.1118073,1718194121.1213396,1718194121.121345,1718194121.177181,1718194121.1781712
1718194121.2215893,1718194121.230303,1718194121.230307,1718194121.286114,1718194121.2871099
1718194121.330526,1718194121.3393319,1718194121.3393364,1718194121.3949125,1718194121.3958938
1718194121.4392612,1718194121.4480066,1718194121.4480116,1718194121.504017,1718194121.5050745
1718194121.548503,1718194121.557149,1718194121.5571537,1718194121.6130164,1718194121.613976
1718194121.6572797,1718194121.6630626,1718194121.6630666,1718194121.7180567,1718194121.7190988
1718194121.7632365,1718194121.764807,1718194121.7648084,1718194121.8147368,1718194121.8157096
1718194121.8651326,1718194121.8750844,1718194121.87509,1718194121.931195,1718194121.9321766
1718194121.975605,1718194121.9844284,1718194121.984433,1718194122.0399032,1718194122.0408826
