e2e,offload,process,queue
2.4980785846710205,4.557158708572388,6.615628004074097
0.010232210159301758,0.00454401969909668,0.002795696258544922
2.4875917434692383,2.0654356479644775,2.0589568614959717
0.00025463104248046875,2.4871790409088135,4.55387544631958
