e2e,offload,process,queue
5.446516990661621,5.068735837936401,5.06564474105835,5.063016176223755
0.01506662368774414,0.004445791244506836,0.004369258880615234,0.00279998779296875
5.4311511516571045,5.06391167640686,5.060858488082886,5.059795141220093
0.00029921531677246094,0.0003783702850341797,0.0004169940948486328,0.0004210472106933594
