e2e,offload,process,queue
10.499788522720337,10.490253210067749,15.202086687088013,10.134848594665527
5.0851521492004395,5.424855709075928,10.13647723197937,5.0699687004089355
5.414407014846802,5.064845323562622,5.065146446228027,5.064322471618652
0.00022935867309570312,0.0005521774291992188,0.0004630088806152344,0.0005574226379394531
