e2e,offload,process,queue
10.500655174255371,15.564257383346558,15.20939564704895,15.208486795425415,10.13506007194519
5.083302021026611,10.499493837356567,10.138623714447021,10.143727779388428,5.0697243213653564
5.417184829711914,5.0643393993377686,5.0703206062316895,5.064333915710449,5.064754486083984
0.00016832351684570312,0.0004241466522216797,0.0004513263702392578,0.00042510032653808594,0.0005812644958496094
