Created,Deserialized,Processing,Processed,Finished
1717513265.354319,1717513265.361251,1717513265.3612964,1717513265.4084296,1717513265.4096289
1717513265.4628332,1717513265.464876,1717513265.4649327,1717513265.5157857,1717513265.5172946
1717513265.56557,1717513265.567434,1717513265.567498,1717513265.613317,1717513265.6148784
1717513265.668117,1717513265.670388,1717513265.6704528,1717513265.7119792,1717513265.713551
1717513265.7710085,1717513265.7789571,1717513265.7791107,1717513265.8652623,1717513265.8663385
1717513265.8785267,1717513265.8801098,1717513265.8801448,1717513265.9221988,1717513265.9233298
1717513265.9807189,1717513265.9918115,1717513265.9919589,1717513266.036668,1717513266.0377483
1717513266.0921776,1717513266.1031091,1717513266.103245,1717513266.1855576,1717513266.1866562
1717513266.2028484,1717513266.2044353,1717513266.2044702,1717513266.258086,1717513266.2597573
1717513266.3051188,1717513266.3155665,1717513266.3156903,1717513266.3959007,1717513266.3969843
1717513266.4162562,1717513266.418035,1717513266.4180732,1717513266.4852748,1717513266.4863665
1717513266.5186636,1717513266.5239944,1717513266.5240872,1717513266.6059988,1717513266.6070938
1717513266.6242843,1717513266.6258714,1717513266.6259048,1717513266.6836631,1717513266.684822
1717513266.7261684,1717513266.7308109,1717513266.7309265,1717513266.8130407,1717513266.8141432
1717513266.8313308,1717513266.8329258,1717513266.8329618,1717513266.8918462,1717513266.892953
1717513266.933262,1717513266.939891,1717513266.939998,1717513267.0231395,1717513267.0242336
1717513267.0404263,1717513267.042003,1717513267.0420375,1717513267.0973246,1717513267.0984418
1717513267.1427019,1717513267.145978,1717513267.1460476,1717513267.2088933,1717513267.210007
1717513267.2473435,1717513267.251643,1717513267.251746,1717513267.3361676,1717513267.337266
1717513267.3514526,1717513267.3530266,1717513267.3530617,1717513267.4015517,1717513267.4026325
